city_name,plate_no,Latitude,Longitude,value,week,week_no
Adana,1,37.1438001,35.4984094,28.0,2021-03-26,1.0
Adıyaman,2,37.78936,38.3141101,48.0,2021-03-26,1.0
Afyonkarahisar,3,38.6852729,30.6427411,106.0,2021-03-26,1.0
Ağrı,4,39.52916,43.3835645,182.0,2021-03-26,1.0
Aksaray,68,38.4326291,33.8976963,93.0,2021-03-26,1.0
Amasya,5,40.6503248,35.8329148,125.0,2021-03-26,1.0
Ankara,6,39.9207893,32.8540412,152.0,2021-03-26,1.0
Antalya,7,36.9009641,30.6954846,61.0,2021-03-26,1.0
Ardahan,75,41.0372501,42.7462189,122.0,2021-03-26,1.0
Artvin,8,41.160506,41.8398627,78.0,2021-03-26,1.0
Aydın,9,37.8483767,27.8435878,47.0,2021-03-26,1.0
Balıkesir,10,39.5400798,28.0228793,113.0,2021-03-26,1.0
Bartın,74,41.6338394,32.3384354,126.0,2021-03-26,1.0
Batman,72,37.7874104,41.2573924,56.0,2021-03-26,1.0
Bayburt,69,40.2023027,40.2121599,95.0,2021-03-26,1.0
Bilecik,11,40.1435101,29.9752911,156.0,2021-03-26,1.0
Bingöl,12,39.073803,40.7296181,64.0,2021-03-26,1.0
Bitlis,13,38.4950867,42.1678372,96.0,2021-03-26,1.0
Bolu,14,40.6212099,31.6460259,155.0,2021-03-26,1.0
Burdur,15,37.5183407,30.1691254,99.0,2021-03-26,1.0
Bursa,16,40.1827657,29.0677305,110.0,2021-03-26,1.0
Çanakkale,17,40.0549886,26.9278292,120.0,2021-03-26,1.0
Çankırı,18,40.6667691,33.4526069,153.0,2021-03-26,1.0
Çorum,19,40.5698389,34.7269292,129.0,2021-03-26,1.0
Denizli,20,37.7733197,29.0869273,92.0,2021-03-26,1.0
Diyarbakır,21,37.9167467,40.2227753,63.0,2021-03-26,1.0
Düzce,81,40.8774545,31.2009618,127.0,2021-03-26,1.0
Edirne,22,41.6759327,26.5587225,82.0,2021-03-26,1.0
Elâzığ,23,38.674771,39.2224523,91.0,2021-03-26,1.0
Erzincan,24,39.7496052,39.4941023,154.0,2021-03-26,1.0
Erzurum,25,39.9063215,41.2727638,192.0,2021-03-26,1.0
Eskişehir,26,39.6821156,31.0723476,146.0,2021-03-26,1.0
Gaziantep,27,37.0611756,37.3793085,76.0,2021-03-26,1.0
Giresun,28,40.9146927,38.3885568,134.0,2021-03-26,1.0
Gümüşhane,29,40.2061415,39.309437,109.0,2021-03-26,1.0
Hakkâri,30,37.574898,43.73766,78.0,2021-03-26,1.0
Hatay,31,36.2024887,36.1602761,32.0,2021-03-26,1.0
Iğdır,76,39.8945292,43.9427459,78.0,2021-03-26,1.0
Isparta,32,37.9465412,30.9602093,137.0,2021-03-26,1.0
İstanbul,34,41.0096334,28.9651646,184.0,2021-03-26,1.0
İzmir,35,38.4147331,27.1434119,93.0,2021-03-26,1.0
Kahramanmaraş,46,37.7830345,36.830655,43.0,2021-03-26,1.0
Karabük,78,41.1955402,32.6231154,134.0,2021-03-26,1.0
Karaman,70,37.1796848,33.3383665,129.0,2021-03-26,1.0
Kars,36,40.4558435,42.9979531,144.0,2021-03-26,1.0
Kastamonu,37,41.3680217,33.7619177,145.0,2021-03-26,1.0
Kayseri,38,38.6582232,35.5546374,127.0,2021-03-26,1.0
Kırıkkale,71,39.8473604,33.5144853,137.0,2021-03-26,1.0
Kırklareli,39,41.7078046,27.6051334,153.0,2021-03-26,1.0
Kırşehir,40,39.1461142,34.1605587,114.0,2021-03-26,1.0
Kilis,79,36.7797231,37.1416892,73.0,2021-03-26,1.0
Kocaeli,41,40.8216536,29.9507184,154.0,2021-03-26,1.0
Konya,42,37.876824,32.4865749,121.0,2021-03-26,1.0
Kütahya,43,39.2522508,29.4937732,152.0,2021-03-26,1.0
Malatya,44,38.3483098,38.3178715,104.0,2021-03-26,1.0
Manisa,45,38.6155029,27.4255716,74.0,2021-03-26,1.0
Mardin,47,37.3414854,40.7476249,46.0,2021-03-26,1.0
Mersin,33,36.8117583,34.6292679,47.0,2021-03-26,1.0
Muğla,48,37.1642053,28.2624288,72.0,2021-03-26,1.0
Muş,49,38.9740786,41.9590433,48.0,2021-03-26,1.0
Nevşehir,50,38.7235072,34.7194168,123.0,2021-03-26,1.0
Niğde,51,38.0664691,34.7051438,118.0,2021-03-26,1.0
Ordu,52,40.8292569,37.4082764,149.0,2021-03-26,1.0
Osmaniye,80,37.073671,36.255941,35.0,2021-03-26,1.0
Rize,53,41.022809,40.519612,167.0,2021-03-26,1.0
Sakarya,54,40.7542228,30.3834858,108.0,2021-03-26,1.0
Samsun,55,41.2892334,36.328565,95.0,2021-03-26,1.0
Siirt,56,37.9273232,41.9422042,48.0,2021-03-26,1.0
Sinop,57,41.6394277,34.8681231,97.0,2021-03-26,1.0
Sivas,58,39.4191717,37.1012388,137.0,2021-03-26,1.0
Şanlıurfa,63,37.2595198,39.0408174,49.0,2021-03-26,1.0
Şırnak,73,37.519248,42.4605665,26.0,2021-03-26,1.0
Tekirdağ,59,41.1185843,27.4144196,132.0,2021-03-26,1.0
Tokat,60,40.40055865,36.686501166768394,139.0,2021-03-26,1.0
Trabzon,61,41.0062202,39.7257547,125.0,2021-03-26,1.0
Tunceli,62,39.1080631,39.548197,124.0,2021-03-26,1.0
Uşak,64,38.609666,29.3306506,90.0,2021-03-26,1.0
Van,65,38.5012,43.373,49.0,2021-03-26,1.0
Yalova,77,40.59270745,29.077136065391837,78.0,2021-03-26,1.0
Yozgat,66,39.8205571,34.8094917,123.0,2021-03-26,1.0
Zonguldak,67,41.250324,31.8389738,147.0,2021-03-26,1.0
Adana,1,37.1438001,35.4984094,61.0,2021-04-02,2.0
Adıyaman,2,37.78936,38.3141101,94.0,2021-04-02,2.0
Afyonkarahisar,3,38.6852729,30.6427411,212.0,2021-04-02,2.0
Ağrı,4,39.52916,43.3835645,264.0,2021-04-02,2.0
Aksaray,68,38.4326291,33.8976963,163.0,2021-04-02,2.0
Amasya,5,40.6503248,35.8329148,216.0,2021-04-02,2.0
Ankara,6,39.9207893,32.8540412,247.0,2021-04-02,2.0
Antalya,7,36.9009641,30.6954846,131.0,2021-04-02,2.0
Ardahan,75,41.0372501,42.7462189,255.0,2021-04-02,2.0
Artvin,8,41.160506,41.8398627,141.0,2021-04-02,2.0
Aydın,9,37.8483767,27.8435878,102.0,2021-04-02,2.0
Balıkesir,10,39.5400798,28.0228793,200.0,2021-04-02,2.0
Bartın,74,41.6338394,32.3384354,219.0,2021-04-02,2.0
Batman,72,37.7874104,41.2573924,91.0,2021-04-02,2.0
Bayburt,69,40.2023027,40.2121599,264.0,2021-04-02,2.0
Bilecik,11,40.1435101,29.9752911,259.0,2021-04-02,2.0
Bingöl,12,39.073803,40.7296181,122.0,2021-04-02,2.0
Bitlis,13,38.4950867,42.1678372,132.0,2021-04-02,2.0
Bolu,14,40.6212099,31.6460259,282.0,2021-04-02,2.0
Burdur,15,37.5183407,30.1691254,170.0,2021-04-02,2.0
Bursa,16,40.1827657,29.0677305,207.0,2021-04-02,2.0
Çanakkale,17,40.0549886,26.9278292,233.0,2021-04-02,2.0
Çankırı,18,40.6667691,33.4526069,196.0,2021-04-02,2.0
Çorum,19,40.5698389,34.7269292,218.0,2021-04-02,2.0
Denizli,20,37.7733197,29.0869273,155.0,2021-04-02,2.0
Diyarbakır,21,37.9167467,40.2227753,86.0,2021-04-02,2.0
Düzce,81,40.8774545,31.2009618,222.0,2021-04-02,2.0
Edirne,22,41.6759327,26.5587225,204.0,2021-04-02,2.0
Elâzığ,23,38.674771,39.2224523,145.0,2021-04-02,2.0
Erzincan,24,39.7496052,39.4941023,270.0,2021-04-02,2.0
Erzurum,25,39.9063215,41.2727638,303.0,2021-04-02,2.0
Eskişehir,26,39.6821156,31.0723476,245.0,2021-04-02,2.0
Gaziantep,27,37.0611756,37.3793085,134.0,2021-04-02,2.0
Giresun,28,40.9146927,38.3885568,236.0,2021-04-02,2.0
Gümüşhane,29,40.2061415,39.309437,187.0,2021-04-02,2.0
Hakkâri,30,37.574898,43.73766,89.0,2021-04-02,2.0
Hatay,31,36.2024887,36.1602761,72.0,2021-04-02,2.0
Iğdır,76,39.8945292,43.9427459,153.0,2021-04-02,2.0
Isparta,32,37.9465412,30.9602093,211.0,2021-04-02,2.0
İstanbul,34,41.0096334,28.9651646,359.0,2021-04-02,2.0
İzmir,35,38.4147331,27.1434119,161.0,2021-04-02,2.0
Kahramanmaraş,46,37.7830345,36.830655,91.0,2021-04-02,2.0
Karabük,78,41.1955402,32.6231154,222.0,2021-04-02,2.0
Karaman,70,37.1796848,33.3383665,216.0,2021-04-02,2.0
Kars,36,40.4558435,42.9979531,227.0,2021-04-02,2.0
Kastamonu,37,41.3680217,33.7619177,340.0,2021-04-02,2.0
Kayseri,38,38.6582232,35.5546374,261.0,2021-04-02,2.0
Kırıkkale,71,39.8473604,33.5144853,243.0,2021-04-02,2.0
Kırklareli,39,41.7078046,27.6051334,287.0,2021-04-02,2.0
Kırşehir,40,39.1461142,34.1605587,189.0,2021-04-02,2.0
Kilis,79,36.7797231,37.1416892,132.0,2021-04-02,2.0
Kocaeli,41,40.8216536,29.9507184,297.0,2021-04-02,2.0
Konya,42,37.876824,32.4865749,228.0,2021-04-02,2.0
Kütahya,43,39.2522508,29.4937732,273.0,2021-04-02,2.0
Malatya,44,38.3483098,38.3178715,205.0,2021-04-02,2.0
Manisa,45,38.6155029,27.4255716,145.0,2021-04-02,2.0
Mardin,47,37.3414854,40.7476249,62.0,2021-04-02,2.0
Mersin,33,36.8117583,34.6292679,84.0,2021-04-02,2.0
Muğla,48,37.1642053,28.2624288,132.0,2021-04-02,2.0
Muş,49,38.9740786,41.9590433,95.0,2021-04-02,2.0
Nevşehir,50,38.7235072,34.7194168,254.0,2021-04-02,2.0
Niğde,51,38.0664691,34.7051438,203.0,2021-04-02,2.0
Ordu,52,40.8292569,37.4082764,260.0,2021-04-02,2.0
Osmaniye,80,37.073671,36.255941,79.0,2021-04-02,2.0
Rize,53,41.022809,40.519612,270.0,2021-04-02,2.0
Sakarya,54,40.7542228,30.3834858,197.0,2021-04-02,2.0
Samsun,55,41.2892334,36.328565,189.0,2021-04-02,2.0
Siirt,56,37.9273232,41.9422042,78.0,2021-04-02,2.0
Sinop,57,41.6394277,34.8681231,167.0,2021-04-02,2.0
Sivas,58,39.4191717,37.1012388,234.0,2021-04-02,2.0
Şanlıurfa,63,37.2595198,39.0408174,66.0,2021-04-02,2.0
Şırnak,73,37.519248,42.4605665,36.0,2021-04-02,2.0
Tekirdağ,59,41.1185843,27.4144196,318.0,2021-04-02,2.0
Tokat,60,40.40055865,36.686501166768394,224.0,2021-04-02,2.0
Trabzon,61,41.0062202,39.7257547,198.0,2021-04-02,2.0
Tunceli,62,39.1080631,39.548197,123.0,2021-04-02,2.0
Uşak,64,38.609666,29.3306506,132.0,2021-04-02,2.0
Van,65,38.5012,43.373,71.0,2021-04-02,2.0
Yalova,77,40.59270745,29.077136065391837,197.0,2021-04-02,2.0
Yozgat,66,39.8205571,34.8094917,204.0,2021-04-02,2.0
Zonguldak,67,41.250324,31.8389738,309.0,2021-04-02,2.0
Adana,1,37.1438001,35.4984094,106.0,2021-04-09,3.0
Adıyaman,2,37.78936,38.3141101,117.0,2021-04-09,3.0
Afyonkarahisar,3,38.6852729,30.6427411,289.0,2021-04-09,3.0
Ağrı,4,39.52916,43.3835645,285.0,2021-04-09,3.0
Aksaray,68,38.4326291,33.8976963,266.0,2021-04-09,3.0
Amasya,5,40.6503248,35.8329148,291.0,2021-04-09,3.0
Ankara,6,39.9207893,32.8540412,361.0,2021-04-09,3.0
Antalya,7,36.9009641,30.6954846,200.0,2021-04-09,3.0
Ardahan,75,41.0372501,42.7462189,251.0,2021-04-09,3.0
Artvin,8,41.160506,41.8398627,194.0,2021-04-09,3.0
Aydın,9,37.8483767,27.8435878,162.0,2021-04-09,3.0
Balıkesir,10,39.5400798,28.0228793,318.0,2021-04-09,3.0
Bartın,74,41.6338394,32.3384354,321.0,2021-04-09,3.0
Batman,72,37.7874104,41.2573924,120.0,2021-04-09,3.0
Bayburt,69,40.2023027,40.2121599,352.0,2021-04-09,3.0
Bilecik,11,40.1435101,29.9752911,310.0,2021-04-09,3.0
Bingöl,12,39.073803,40.7296181,154.0,2021-04-09,3.0
Bitlis,13,38.4950867,42.1678372,152.0,2021-04-09,3.0
Bolu,14,40.6212099,31.6460259,365.0,2021-04-09,3.0
Burdur,15,37.5183407,30.1691254,216.0,2021-04-09,3.0
Bursa,16,40.1827657,29.0677305,327.0,2021-04-09,3.0
Çanakkale,17,40.0549886,26.9278292,439.0,2021-04-09,3.0
Çankırı,18,40.6667691,33.4526069,267.0,2021-04-09,3.0
Çorum,19,40.5698389,34.7269292,315.0,2021-04-09,3.0
Denizli,20,37.7733197,29.0869273,182.0,2021-04-09,3.0
Diyarbakır,21,37.9167467,40.2227753,100.0,2021-04-09,3.0
Düzce,81,40.8774545,31.2009618,400.0,2021-04-09,3.0
Edirne,22,41.6759327,26.5587225,340.0,2021-04-09,3.0
Elâzığ,23,38.674771,39.2224523,197.0,2021-04-09,3.0
Erzincan,24,39.7496052,39.4941023,428.0,2021-04-09,3.0
Erzurum,25,39.9063215,41.2727638,395.0,2021-04-09,3.0
Eskişehir,26,39.6821156,31.0723476,348.0,2021-04-09,3.0
Gaziantep,27,37.0611756,37.3793085,167.0,2021-04-09,3.0
Giresun,28,40.9146927,38.3885568,388.0,2021-04-09,3.0
Gümüşhane,29,40.2061415,39.309437,248.0,2021-04-09,3.0
Hakkâri,30,37.574898,43.73766,122.0,2021-04-09,3.0
Hatay,31,36.2024887,36.1602761,130.0,2021-04-09,3.0
Iğdır,76,39.8945292,43.9427459,159.0,2021-04-09,3.0
Isparta,32,37.9465412,30.9602093,243.0,2021-04-09,3.0
İstanbul,34,41.0096334,28.9651646,532.0,2021-04-09,3.0
İzmir,35,38.4147331,27.1434119,223.0,2021-04-09,3.0
Kahramanmaraş,46,37.7830345,36.830655,137.0,2021-04-09,3.0
Karabük,78,41.1955402,32.6231154,274.0,2021-04-09,3.0
Karaman,70,37.1796848,33.3383665,256.0,2021-04-09,3.0
Kars,36,40.4558435,42.9979531,293.0,2021-04-09,3.0
Kastamonu,37,41.3680217,33.7619177,437.0,2021-04-09,3.0
Kayseri,38,38.6582232,35.5546374,339.0,2021-04-09,3.0
Kırıkkale,71,39.8473604,33.5144853,345.0,2021-04-09,3.0
Kırklareli,39,41.7078046,27.6051334,498.0,2021-04-09,3.0
Kırşehir,40,39.1461142,34.1605587,256.0,2021-04-09,3.0
Kilis,79,36.7797231,37.1416892,244.0,2021-04-09,3.0
Kocaeli,41,40.8216536,29.9507184,437.0,2021-04-09,3.0
Konya,42,37.876824,32.4865749,347.0,2021-04-09,3.0
Kütahya,43,39.2522508,29.4937732,330.0,2021-04-09,3.0
Malatya,44,38.3483098,38.3178715,320.0,2021-04-09,3.0
Manisa,45,38.6155029,27.4255716,223.0,2021-04-09,3.0
Mardin,47,37.3414854,40.7476249,76.0,2021-04-09,3.0
Mersin,33,36.8117583,34.6292679,143.0,2021-04-09,3.0
Muğla,48,37.1642053,28.2624288,183.0,2021-04-09,3.0
Muş,49,38.9740786,41.9590433,113.0,2021-04-09,3.0
Nevşehir,50,38.7235072,34.7194168,327.0,2021-04-09,3.0
Niğde,51,38.0664691,34.7051438,292.0,2021-04-09,3.0
Ordu,52,40.8292569,37.4082764,316.0,2021-04-09,3.0
Osmaniye,80,37.073671,36.255941,139.0,2021-04-09,3.0
Rize,53,41.022809,40.519612,353.0,2021-04-09,3.0
Sakarya,54,40.7542228,30.3834858,300.0,2021-04-09,3.0
Samsun,55,41.2892334,36.328565,267.0,2021-04-09,3.0
Siirt,56,37.9273232,41.9422042,79.0,2021-04-09,3.0
Sinop,57,41.6394277,34.8681231,213.0,2021-04-09,3.0
Sivas,58,39.4191717,37.1012388,285.0,2021-04-09,3.0
Şanlıurfa,63,37.2595198,39.0408174,70.0,2021-04-09,3.0
Şırnak,73,37.519248,42.4605665,46.0,2021-04-09,3.0
Tekirdağ,59,41.1185843,27.4144196,489.0,2021-04-09,3.0
Tokat,60,40.40055865,36.686501166768394,313.0,2021-04-09,3.0
Trabzon,61,41.0062202,39.7257547,237.0,2021-04-09,3.0
Tunceli,62,39.1080631,39.548197,207.0,2021-04-09,3.0
Uşak,64,38.609666,29.3306506,163.0,2021-04-09,3.0
Van,65,38.5012,43.373,90.0,2021-04-09,3.0
Yalova,77,40.59270745,29.077136065391837,345.0,2021-04-09,3.0
Yozgat,66,39.8205571,34.8094917,280.0,2021-04-09,3.0
Zonguldak,67,41.250324,31.8389738,332.0,2021-04-09,3.0
Adana,1,37.1438001,35.4984094,192.0,2021-04-16,4.0
Adıyaman,2,37.78936,38.3141101,200.0,2021-04-16,4.0
Afyonkarahisar,3,38.6852729,30.6427411,417.0,2021-04-16,4.0
Ağrı,4,39.52916,43.3835645,389.0,2021-04-16,4.0
Aksaray,68,38.4326291,33.8976963,388.0,2021-04-16,4.0
Amasya,5,40.6503248,35.8329148,423.0,2021-04-16,4.0
Ankara,6,39.9207893,32.8540412,567.0,2021-04-16,4.0
Antalya,7,36.9009641,30.6954846,324.0,2021-04-16,4.0
Ardahan,75,41.0372501,42.7462189,269.0,2021-04-16,4.0
Artvin,8,41.160506,41.8398627,250.0,2021-04-16,4.0
Aydın,9,37.8483767,27.8435878,274.0,2021-04-16,4.0
Balıkesir,10,39.5400798,28.0228793,496.0,2021-04-16,4.0
Bartın,74,41.6338394,32.3384354,519.0,2021-04-16,4.0
Batman,72,37.7874104,41.2573924,182.0,2021-04-16,4.0
Bayburt,69,40.2023027,40.2121599,601.0,2021-04-16,4.0
Bilecik,11,40.1435101,29.9752911,525.0,2021-04-16,4.0
Bingöl,12,39.073803,40.7296181,271.0,2021-04-16,4.0
Bitlis,13,38.4950867,42.1678372,186.0,2021-04-16,4.0
Bolu,14,40.6212099,31.6460259,504.0,2021-04-16,4.0
Burdur,15,37.5183407,30.1691254,274.0,2021-04-16,4.0
Bursa,16,40.1827657,29.0677305,502.0,2021-04-16,4.0
Çanakkale,17,40.0549886,26.9278292,838.0,2021-04-16,4.0
Çankırı,18,40.6667691,33.4526069,394.0,2021-04-16,4.0
Çorum,19,40.5698389,34.7269292,467.0,2021-04-16,4.0
Denizli,20,37.7733197,29.0869273,232.0,2021-04-16,4.0
Diyarbakır,21,37.9167467,40.2227753,143.0,2021-04-16,4.0
Düzce,81,40.8774545,31.2009618,567.0,2021-04-16,4.0
Edirne,22,41.6759327,26.5587225,536.0,2021-04-16,4.0
Elâzığ,23,38.674771,39.2224523,300.0,2021-04-16,4.0
Erzincan,24,39.7496052,39.4941023,632.0,2021-04-16,4.0
Erzurum,25,39.9063215,41.2727638,555.0,2021-04-16,4.0
Eskişehir,26,39.6821156,31.0723476,535.0,2021-04-16,4.0
Gaziantep,27,37.0611756,37.3793085,287.0,2021-04-16,4.0
Giresun,28,40.9146927,38.3885568,706.0,2021-04-16,4.0
Gümüşhane,29,40.2061415,39.309437,333.0,2021-04-16,4.0
Hakkâri,30,37.574898,43.73766,150.0,2021-04-16,4.0
Hatay,31,36.2024887,36.1602761,239.0,2021-04-16,4.0
Iğdır,76,39.8945292,43.9427459,348.0,2021-04-16,4.0
Isparta,32,37.9465412,30.9602093,351.0,2021-04-16,4.0
İstanbul,34,41.0096334,28.9651646,854.0,2021-04-16,4.0
İzmir,35,38.4147331,27.1434119,335.0,2021-04-16,4.0
Kahramanmaraş,46,37.7830345,36.830655,239.0,2021-04-16,4.0
Karabük,78,41.1955402,32.6231154,435.0,2021-04-16,4.0
Karaman,70,37.1796848,33.3383665,364.0,2021-04-16,4.0
Kars,36,40.4558435,42.9979531,351.0,2021-04-16,4.0
Kastamonu,37,41.3680217,33.7619177,522.0,2021-04-16,4.0
Kayseri,38,38.6582232,35.5546374,517.0,2021-04-16,4.0
Kırıkkale,71,39.8473604,33.5144853,444.0,2021-04-16,4.0
Kırklareli,39,41.7078046,27.6051334,721.0,2021-04-16,4.0
Kırşehir,40,39.1461142,34.1605587,399.0,2021-04-16,4.0
Kilis,79,36.7797231,37.1416892,354.0,2021-04-16,4.0
Kocaeli,41,40.8216536,29.9507184,679.0,2021-04-16,4.0
Konya,42,37.876824,32.4865749,538.0,2021-04-16,4.0
Kütahya,43,39.2522508,29.4937732,427.0,2021-04-16,4.0
Malatya,44,38.3483098,38.3178715,540.0,2021-04-16,4.0
Manisa,45,38.6155029,27.4255716,326.0,2021-04-16,4.0
Mardin,47,37.3414854,40.7476249,95.0,2021-04-16,4.0
Mersin,33,36.8117583,34.6292679,208.0,2021-04-16,4.0
Muğla,48,37.1642053,28.2624288,250.0,2021-04-16,4.0
Muş,49,38.9740786,41.9590433,153.0,2021-04-16,4.0
Nevşehir,50,38.7235072,34.7194168,463.0,2021-04-16,4.0
Niğde,51,38.0664691,34.7051438,407.0,2021-04-16,4.0
Ordu,52,40.8292569,37.4082764,528.0,2021-04-16,4.0
Osmaniye,80,37.073671,36.255941,292.0,2021-04-16,4.0
Rize,53,41.022809,40.519612,508.0,2021-04-16,4.0
Sakarya,54,40.7542228,30.3834858,414.0,2021-04-16,4.0
Samsun,55,41.2892334,36.328565,481.0,2021-04-16,4.0
Siirt,56,37.9273232,41.9422042,123.0,2021-04-16,4.0
Sinop,57,41.6394277,34.8681231,445.0,2021-04-16,4.0
Sivas,58,39.4191717,37.1012388,402.0,2021-04-16,4.0
Şanlıurfa,63,37.2595198,39.0408174,104.0,2021-04-16,4.0
Şırnak,73,37.519248,42.4605665,55.0,2021-04-16,4.0
Tekirdağ,59,41.1185843,27.4144196,772.0,2021-04-16,4.0
Tokat,60,40.40055865,36.686501166768394,416.0,2021-04-16,4.0
Trabzon,61,41.0062202,39.7257547,353.0,2021-04-16,4.0
Tunceli,62,39.1080631,39.548197,318.0,2021-04-16,4.0
Uşak,64,38.609666,29.3306506,240.0,2021-04-16,4.0
Van,65,38.5012,43.373,104.0,2021-04-16,4.0
Yalova,77,40.59270745,29.077136065391837,638.0,2021-04-16,4.0
Yozgat,66,39.8205571,34.8094917,388.0,2021-04-16,4.0
Zonguldak,67,41.250324,31.8389738,578.0,2021-04-16,4.0
Adana,1,37.1438001,35.4984094,192.0,2021-04-23,5.0
Adıyaman,2,37.78936,38.3141101,200.0,2021-04-23,5.0
Afyonkarahisar,3,38.6852729,30.6427411,417.0,2021-04-23,5.0
Ağrı,4,39.52916,43.3835645,389.0,2021-04-23,5.0
Aksaray,68,38.4326291,33.8976963,388.0,2021-04-23,5.0
Amasya,5,40.6503248,35.8329148,423.0,2021-04-23,5.0
Ankara,6,39.9207893,32.8540412,567.0,2021-04-23,5.0
Antalya,7,36.9009641,30.6954846,324.0,2021-04-23,5.0
Ardahan,75,41.0372501,42.7462189,269.0,2021-04-23,5.0
Artvin,8,41.160506,41.8398627,250.0,2021-04-23,5.0
Aydın,9,37.8483767,27.8435878,274.0,2021-04-23,5.0
Balıkesir,10,39.5400798,28.0228793,496.0,2021-04-23,5.0
Bartın,74,41.6338394,32.3384354,519.0,2021-04-23,5.0
Batman,72,37.7874104,41.2573924,182.0,2021-04-23,5.0
Bayburt,69,40.2023027,40.2121599,601.0,2021-04-23,5.0
Bilecik,11,40.1435101,29.9752911,525.0,2021-04-23,5.0
Bingöl,12,39.073803,40.7296181,271.0,2021-04-23,5.0
Bitlis,13,38.4950867,42.1678372,186.0,2021-04-23,5.0
Bolu,14,40.6212099,31.6460259,504.0,2021-04-23,5.0
Burdur,15,37.5183407,30.1691254,274.0,2021-04-23,5.0
Bursa,16,40.1827657,29.0677305,502.0,2021-04-23,5.0
Çanakkale,17,40.0549886,26.9278292,838.0,2021-04-23,5.0
Çankırı,18,40.6667691,33.4526069,394.0,2021-04-23,5.0
Çorum,19,40.5698389,34.7269292,467.0,2021-04-23,5.0
Denizli,20,37.7733197,29.0869273,232.0,2021-04-23,5.0
Diyarbakır,21,37.9167467,40.2227753,143.0,2021-04-23,5.0
Düzce,81,40.8774545,31.2009618,567.0,2021-04-23,5.0
Edirne,22,41.6759327,26.5587225,536.0,2021-04-23,5.0
Elâzığ,23,38.674771,39.2224523,300.0,2021-04-23,5.0
Erzincan,24,39.7496052,39.4941023,632.0,2021-04-23,5.0
Erzurum,25,39.9063215,41.2727638,555.0,2021-04-23,5.0
Eskişehir,26,39.6821156,31.0723476,535.0,2021-04-23,5.0
Gaziantep,27,37.0611756,37.3793085,287.0,2021-04-23,5.0
Giresun,28,40.9146927,38.3885568,706.0,2021-04-23,5.0
Gümüşhane,29,40.2061415,39.309437,333.0,2021-04-23,5.0
Hakkâri,30,37.574898,43.73766,150.0,2021-04-23,5.0
Hatay,31,36.2024887,36.1602761,239.0,2021-04-23,5.0
Iğdır,76,39.8945292,43.9427459,348.0,2021-04-23,5.0
Isparta,32,37.9465412,30.9602093,351.0,2021-04-23,5.0
İstanbul,34,41.0096334,28.9651646,854.0,2021-04-23,5.0
İzmir,35,38.4147331,27.1434119,335.0,2021-04-23,5.0
Kahramanmaraş,46,37.7830345,36.830655,239.0,2021-04-23,5.0
Karabük,78,41.1955402,32.6231154,435.0,2021-04-23,5.0
Karaman,70,37.1796848,33.3383665,364.0,2021-04-23,5.0
Kars,36,40.4558435,42.9979531,351.0,2021-04-23,5.0
Kastamonu,37,41.3680217,33.7619177,522.0,2021-04-23,5.0
Kayseri,38,38.6582232,35.5546374,517.0,2021-04-23,5.0
Kırıkkale,71,39.8473604,33.5144853,444.0,2021-04-23,5.0
Kırklareli,39,41.7078046,27.6051334,721.0,2021-04-23,5.0
Kırşehir,40,39.1461142,34.1605587,399.0,2021-04-23,5.0
Kilis,79,36.7797231,37.1416892,354.0,2021-04-23,5.0
Kocaeli,41,40.8216536,29.9507184,679.0,2021-04-23,5.0
Konya,42,37.876824,32.4865749,538.0,2021-04-23,5.0
Kütahya,43,39.2522508,29.4937732,427.0,2021-04-23,5.0
Malatya,44,38.3483098,38.3178715,540.0,2021-04-23,5.0
Manisa,45,38.6155029,27.4255716,326.0,2021-04-23,5.0
Mardin,47,37.3414854,40.7476249,95.0,2021-04-23,5.0
Mersin,33,36.8117583,34.6292679,208.0,2021-04-23,5.0
Muğla,48,37.1642053,28.2624288,250.0,2021-04-23,5.0
Muş,49,38.9740786,41.9590433,153.0,2021-04-23,5.0
Nevşehir,50,38.7235072,34.7194168,463.0,2021-04-23,5.0
Niğde,51,38.0664691,34.7051438,407.0,2021-04-23,5.0
Ordu,52,40.8292569,37.4082764,528.0,2021-04-23,5.0
Osmaniye,80,37.073671,36.255941,292.0,2021-04-23,5.0
Rize,53,41.022809,40.519612,508.0,2021-04-23,5.0
Sakarya,54,40.7542228,30.3834858,414.0,2021-04-23,5.0
Samsun,55,41.2892334,36.328565,481.0,2021-04-23,5.0
Siirt,56,37.9273232,41.9422042,123.0,2021-04-23,5.0
Sinop,57,41.6394277,34.8681231,445.0,2021-04-23,5.0
Sivas,58,39.4191717,37.1012388,402.0,2021-04-23,5.0
Şanlıurfa,63,37.2595198,39.0408174,104.0,2021-04-23,5.0
Şırnak,73,37.519248,42.4605665,55.0,2021-04-23,5.0
Tekirdağ,59,41.1185843,27.4144196,772.0,2021-04-23,5.0
Tokat,60,40.40055865,36.686501166768394,416.0,2021-04-23,5.0
Trabzon,61,41.0062202,39.7257547,353.0,2021-04-23,5.0
Tunceli,62,39.1080631,39.548197,318.0,2021-04-23,5.0
Uşak,64,38.609666,29.3306506,240.0,2021-04-23,5.0
Van,65,38.5012,43.373,104.0,2021-04-23,5.0
Yalova,77,40.59270745,29.077136065391837,638.0,2021-04-23,5.0
Yozgat,66,39.8205571,34.8094917,388.0,2021-04-23,5.0
Zonguldak,67,41.250324,31.8389738,578.0,2021-04-23,5.0
Adana,1,37.1438001,35.4984094,187.0,2021-04-30,6.0
Adıyaman,2,37.78936,38.3141101,248.0,2021-04-30,6.0
Afyonkarahisar,3,38.6852729,30.6427411,359.0,2021-04-30,6.0
Ağrı,4,39.52916,43.3835645,307.0,2021-04-30,6.0
Aksaray,68,38.4326291,33.8976963,356.0,2021-04-30,6.0
Amasya,5,40.6503248,35.8329148,461.0,2021-04-30,6.0
Ankara,6,39.9207893,32.8540412,534.0,2021-04-30,6.0
Antalya,7,36.9009641,30.6954846,301.0,2021-04-30,6.0
Ardahan,75,41.0372501,42.7462189,230.0,2021-04-30,6.0
Artvin,8,41.160506,41.8398627,230.0,2021-04-30,6.0
Aydın,9,37.8483767,27.8435878,268.0,2021-04-30,6.0
Balıkesir,10,39.5400798,28.0228793,566.0,2021-04-30,6.0
Bartın,74,41.6338394,32.3384354,512.0,2021-04-30,6.0
Batman,72,37.7874104,41.2573924,157.0,2021-04-30,6.0
Bayburt,69,40.2023027,40.2121599,568.0,2021-04-30,6.0
Bilecik,11,40.1435101,29.9752911,494.0,2021-04-30,6.0
Bingöl,12,39.073803,40.7296181,300.0,2021-04-30,6.0
Bitlis,13,38.4950867,42.1678372,150.0,2021-04-30,6.0
Bolu,14,40.6212099,31.6460259,442.0,2021-04-30,6.0
Burdur,15,37.5183407,30.1691254,258.0,2021-04-30,6.0
Bursa,16,40.1827657,29.0677305,500.0,2021-04-30,6.0
Çanakkale,17,40.0549886,26.9278292,962.0,2021-04-30,6.0
Çankırı,18,40.6667691,33.4526069,399.0,2021-04-30,6.0
Çorum,19,40.5698389,34.7269292,475.0,2021-04-30,6.0
Denizli,20,37.7733197,29.0869273,223.0,2021-04-30,6.0
Diyarbakır,21,37.9167467,40.2227753,117.0,2021-04-30,6.0
Düzce,81,40.8774545,31.2009618,521.0,2021-04-30,6.0
Edirne,22,41.6759327,26.5587225,590.0,2021-04-30,6.0
Elâzığ,23,38.674771,39.2224523,311.0,2021-04-30,6.0
Erzincan,24,39.7496052,39.4941023,593.0,2021-04-30,6.0
Erzurum,25,39.9063215,41.2727638,493.0,2021-04-30,6.0
Eskişehir,26,39.6821156,31.0723476,605.0,2021-04-30,6.0
Gaziantep,27,37.0611756,37.3793085,293.0,2021-04-30,6.0
Giresun,28,40.9146927,38.3885568,624.0,2021-04-30,6.0
Gümüşhane,29,40.2061415,39.309437,242.0,2021-04-30,6.0
Hakkâri,30,37.574898,43.73766,91.0,2021-04-30,6.0
Hatay,31,36.2024887,36.1602761,239.0,2021-04-30,6.0
Iğdır,76,39.8945292,43.9427459,415.0,2021-04-30,6.0
Isparta,32,37.9465412,30.9602093,367.0,2021-04-30,6.0
İstanbul,34,41.0096334,28.9651646,920.0,2021-04-30,6.0
İzmir,35,38.4147331,27.1434119,351.0,2021-04-30,6.0
Kahramanmaraş,46,37.7830345,36.830655,221.0,2021-04-30,6.0
Karabük,78,41.1955402,32.6231154,380.0,2021-04-30,6.0
Karaman,70,37.1796848,33.3383665,298.0,2021-04-30,6.0
Kars,36,40.4558435,42.9979531,291.0,2021-04-30,6.0
Kastamonu,37,41.3680217,33.7619177,683.0,2021-04-30,6.0
Kayseri,38,38.6582232,35.5546374,504.0,2021-04-30,6.0
Kırıkkale,71,39.8473604,33.5144853,430.0,2021-04-30,6.0
Kırklareli,39,41.7078046,27.6051334,830.0,2021-04-30,6.0
Kırşehir,40,39.1461142,34.1605587,315.0,2021-04-30,6.0
Kilis,79,36.7797231,37.1416892,462.0,2021-04-30,6.0
Kocaeli,41,40.8216536,29.9507184,666.0,2021-04-30,6.0
Konya,42,37.876824,32.4865749,579.0,2021-04-30,6.0
Kütahya,43,39.2522508,29.4937732,375.0,2021-04-30,6.0
Malatya,44,38.3483098,38.3178715,563.0,2021-04-30,6.0
Manisa,45,38.6155029,27.4255716,305.0,2021-04-30,6.0
Mardin,47,37.3414854,40.7476249,93.0,2021-04-30,6.0
Mersin,33,36.8117583,34.6292679,213.0,2021-04-30,6.0
Muğla,48,37.1642053,28.2624288,242.0,2021-04-30,6.0
Muş,49,38.9740786,41.9590433,123.0,2021-04-30,6.0
Nevşehir,50,38.7235072,34.7194168,410.0,2021-04-30,6.0
Niğde,51,38.0664691,34.7051438,370.0,2021-04-30,6.0
Ordu,52,40.8292569,37.4082764,565.0,2021-04-30,6.0
Osmaniye,80,37.073671,36.255941,347.0,2021-04-30,6.0
Rize,53,41.022809,40.519612,516.0,2021-04-30,6.0
Sakarya,54,40.7542228,30.3834858,404.0,2021-04-30,6.0
Samsun,55,41.2892334,36.328565,601.0,2021-04-30,6.0
Siirt,56,37.9273232,41.9422042,83.0,2021-04-30,6.0
Sinop,57,41.6394277,34.8681231,440.0,2021-04-30,6.0
Sivas,58,39.4191717,37.1012388,372.0,2021-04-30,6.0
Şanlıurfa,63,37.2595198,39.0408174,91.0,2021-04-30,6.0
Şırnak,73,37.519248,42.4605665,47.0,2021-04-30,6.0
Tekirdağ,59,41.1185843,27.4144196,747.0,2021-04-30,6.0
Tokat,60,40.40055865,36.686501166768394,467.0,2021-04-30,6.0
Trabzon,61,41.0062202,39.7257547,409.0,2021-04-30,6.0
Tunceli,62,39.1080631,39.548197,266.0,2021-04-30,6.0
Uşak,64,38.609666,29.3306506,207.0,2021-04-30,6.0
Van,65,38.5012,43.373,89.0,2021-04-30,6.0
Yalova,77,40.59270745,29.077136065391837,838.0,2021-04-30,6.0
Yozgat,66,39.8205571,34.8094917,499.0,2021-04-30,6.0
Zonguldak,67,41.250324,31.8389738,456.0,2021-04-30,6.0
Adana,1,37.1438001,35.4984094,111.0,2021-05-07,7.0
Adıyaman,2,37.78936,38.3141101,230.0,2021-05-07,7.0
Afyonkarahisar,3,38.6852729,30.6427411,153.0,2021-05-07,7.0
Ağrı,4,39.52916,43.3835645,121.0,2021-05-07,7.0
Aksaray,68,38.4326291,33.8976963,257.0,2021-05-07,7.0
Amasya,5,40.6503248,35.8329148,370.0,2021-05-07,7.0
Ankara,6,39.9207893,32.8540412,272.0,2021-05-07,7.0
Antalya,7,36.9009641,30.6954846,190.0,2021-05-07,7.0
Ardahan,75,41.0372501,42.7462189,185.0,2021-05-07,7.0
Artvin,8,41.160506,41.8398627,164.0,2021-05-07,7.0
Aydın,9,37.8483767,27.8435878,153.0,2021-05-07,7.0
Balıkesir,10,39.5400798,28.0228793,430.0,2021-05-07,7.0
Bartın,74,41.6338394,32.3384354,232.0,2021-05-07,7.0
Batman,72,37.7874104,41.2573924,57.0,2021-05-07,7.0
Bayburt,69,40.2023027,40.2121599,244.0,2021-05-07,7.0
Bilecik,11,40.1435101,29.9752911,340.0,2021-05-07,7.0
Bingöl,12,39.073803,40.7296181,124.0,2021-05-07,7.0
Bitlis,13,38.4950867,42.1678372,47.0,2021-05-07,7.0
Bolu,14,40.6212099,31.6460259,287.0,2021-05-07,7.0
Burdur,15,37.5183407,30.1691254,92.0,2021-05-07,7.0
Bursa,16,40.1827657,29.0677305,260.0,2021-05-07,7.0
Çanakkale,17,40.0549886,26.9278292,546.0,2021-05-07,7.0
Çankırı,18,40.6667691,33.4526069,305.0,2021-05-07,7.0
Çorum,19,40.5698389,34.7269292,322.0,2021-05-07,7.0
Denizli,20,37.7733197,29.0869273,94.0,2021-05-07,7.0
Diyarbakır,21,37.9167467,40.2227753,60.0,2021-05-07,7.0
Düzce,81,40.8774545,31.2009618,217.0,2021-05-07,7.0
Edirne,22,41.6759327,26.5587225,409.0,2021-05-07,7.0
Elâzığ,23,38.674771,39.2224523,153.0,2021-05-07,7.0
Erzincan,24,39.7496052,39.4941023,321.0,2021-05-07,7.0
Erzurum,25,39.9063215,41.2727638,245.0,2021-05-07,7.0
Eskişehir,26,39.6821156,31.0723476,358.0,2021-05-07,7.0
Gaziantep,27,37.0611756,37.3793085,171.0,2021-05-07,7.0
Giresun,28,40.9146927,38.3885568,503.0,2021-05-07,7.0
Gümüşhane,29,40.2061415,39.309437,206.0,2021-05-07,7.0
Hakkâri,30,37.574898,43.73766,36.0,2021-05-07,7.0
Hatay,31,36.2024887,36.1602761,132.0,2021-05-07,7.0
Iğdır,76,39.8945292,43.9427459,225.0,2021-05-07,7.0
Isparta,32,37.9465412,30.9602093,157.0,2021-05-07,7.0
İstanbul,34,41.0096334,28.9651646,591.0,2021-05-07,7.0
İzmir,35,38.4147331,27.1434119,218.0,2021-05-07,7.0
Kahramanmaraş,46,37.7830345,36.830655,112.0,2021-05-07,7.0
Karabük,78,41.1955402,32.6231154,202.0,2021-05-07,7.0
Karaman,70,37.1796848,33.3383665,196.0,2021-05-07,7.0
Kars,36,40.4558435,42.9979531,106.0,2021-05-07,7.0
Kastamonu,37,41.3680217,33.7619177,453.0,2021-05-07,7.0
Kayseri,38,38.6582232,35.5546374,315.0,2021-05-07,7.0
Kırıkkale,71,39.8473604,33.5144853,179.0,2021-05-07,7.0
Kırklareli,39,41.7078046,27.6051334,518.0,2021-05-07,7.0
Kırşehir,40,39.1461142,34.1605587,158.0,2021-05-07,7.0
Kilis,79,36.7797231,37.1416892,385.0,2021-05-07,7.0
Kocaeli,41,40.8216536,29.9507184,371.0,2021-05-07,7.0
Konya,42,37.876824,32.4865749,426.0,2021-05-07,7.0
Kütahya,43,39.2522508,29.4937732,190.0,2021-05-07,7.0
Malatya,44,38.3483098,38.3178715,373.0,2021-05-07,7.0
Manisa,45,38.6155029,27.4255716,139.0,2021-05-07,7.0
Mardin,47,37.3414854,40.7476249,48.0,2021-05-07,7.0
Mersin,33,36.8117583,34.6292679,122.0,2021-05-07,7.0
Muğla,48,37.1642053,28.2624288,146.0,2021-05-07,7.0
Muş,49,38.9740786,41.9590433,54.0,2021-05-07,7.0
Nevşehir,50,38.7235072,34.7194168,209.0,2021-05-07,7.0
Niğde,51,38.0664691,34.7051438,239.0,2021-05-07,7.0
Ordu,52,40.8292569,37.4082764,459.0,2021-05-07,7.0
Osmaniye,80,37.073671,36.255941,316.0,2021-05-07,7.0
Rize,53,41.022809,40.519612,404.0,2021-05-07,7.0
Sakarya,54,40.7542228,30.3834858,241.0,2021-05-07,7.0
Samsun,55,41.2892334,36.328565,678.0,2021-05-07,7.0
Siirt,56,37.9273232,41.9422042,50.0,2021-05-07,7.0
Sinop,57,41.6394277,34.8681231,360.0,2021-05-07,7.0
Sivas,58,39.4191717,37.1012388,164.0,2021-05-07,7.0
Şanlıurfa,63,37.2595198,39.0408174,40.0,2021-05-07,7.0
Şırnak,73,37.519248,42.4605665,23.0,2021-05-07,7.0
Tekirdağ,59,41.1185843,27.4144196,409.0,2021-05-07,7.0
Tokat,60,40.40055865,36.686501166768394,334.0,2021-05-07,7.0
Trabzon,61,41.0062202,39.7257547,353.0,2021-05-07,7.0
Tunceli,62,39.1080631,39.548197,170.0,2021-05-07,7.0
Uşak,64,38.609666,29.3306506,84.0,2021-05-07,7.0
Van,65,38.5012,43.373,42.0,2021-05-07,7.0
Yalova,77,40.59270745,29.077136065391837,564.0,2021-05-07,7.0
Yozgat,66,39.8205571,34.8094917,234.0,2021-05-07,7.0
Zonguldak,67,41.250324,31.8389738,205.0,2021-05-07,7.0
Adana,1,37.1438001,35.4984094,86.0,2021-05-14,8.0
Adıyaman,2,37.78936,38.3141101,199.0,2021-05-14,8.0
Afyonkarahisar,3,38.6852729,30.6427411,70.0,2021-05-14,8.0
Ağrı,4,39.52916,43.3835645,59.0,2021-05-14,8.0
Aksaray,68,38.4326291,33.8976963,231.0,2021-05-14,8.0
Amasya,5,40.6503248,35.8329148,279.0,2021-05-14,8.0
Ankara,6,39.9207893,32.8540412,184.0,2021-05-14,8.0
Antalya,7,36.9009641,30.6954846,143.0,2021-05-14,8.0
Ardahan,75,41.0372501,42.7462189,134.0,2021-05-14,8.0
Artvin,8,41.160506,41.8398627,131.0,2021-05-14,8.0
Aydın,9,37.8483767,27.8435878,109.0,2021-05-14,8.0
Balıkesir,10,39.5400798,28.0228793,344.0,2021-05-14,8.0
Bartın,74,41.6338394,32.3384354,136.0,2021-05-14,8.0
Batman,72,37.7874104,41.2573924,46.0,2021-05-14,8.0
Bayburt,69,40.2023027,40.2121599,161.0,2021-05-14,8.0
Bilecik,11,40.1435101,29.9752911,227.0,2021-05-14,8.0
Bingöl,12,39.073803,40.7296181,69.0,2021-05-14,8.0
Bitlis,13,38.4950867,42.1678372,37.0,2021-05-14,8.0
Bolu,14,40.6212099,31.6460259,183.0,2021-05-14,8.0
Burdur,15,37.5183407,30.1691254,82.0,2021-05-14,8.0
Bursa,16,40.1827657,29.0677305,159.0,2021-05-14,8.0
Çanakkale,17,40.0549886,26.9278292,348.0,2021-05-14,8.0
Çankırı,18,40.6667691,33.4526069,247.0,2021-05-14,8.0
Çorum,19,40.5698389,34.7269292,232.0,2021-05-14,8.0
Denizli,20,37.7733197,29.0869273,68.0,2021-05-14,8.0
Diyarbakır,21,37.9167467,40.2227753,36.0,2021-05-14,8.0
Düzce,81,40.8774545,31.2009618,123.0,2021-05-14,8.0
Edirne,22,41.6759327,26.5587225,265.0,2021-05-14,8.0
Elâzığ,23,38.674771,39.2224523,117.0,2021-05-14,8.0
Erzincan,24,39.7496052,39.4941023,200.0,2021-05-14,8.0
Erzurum,25,39.9063215,41.2727638,118.0,2021-05-14,8.0
Eskişehir,26,39.6821156,31.0723476,235.0,2021-05-14,8.0
Gaziantep,27,37.0611756,37.3793085,134.0,2021-05-14,8.0
Giresun,28,40.9146927,38.3885568,397.0,2021-05-14,8.0
Gümüşhane,29,40.2061415,39.309437,124.0,2021-05-14,8.0
Hakkâri,30,37.574898,43.73766,35.0,2021-05-14,8.0
Hatay,31,36.2024887,36.1602761,89.0,2021-05-14,8.0
Iğdır,76,39.8945292,43.9427459,145.0,2021-05-14,8.0
Isparta,32,37.9465412,30.9602093,112.0,2021-05-14,8.0
İstanbul,34,41.0096334,28.9651646,401.0,2021-05-14,8.0
İzmir,35,38.4147331,27.1434119,156.0,2021-05-14,8.0
Kahramanmaraş,46,37.7830345,36.830655,89.0,2021-05-14,8.0
Karabük,78,41.1955402,32.6231154,106.0,2021-05-14,8.0
Karaman,70,37.1796848,33.3383665,154.0,2021-05-14,8.0
Kars,36,40.4558435,42.9979531,55.0,2021-05-14,8.0
Kastamonu,37,41.3680217,33.7619177,329.0,2021-05-14,8.0
Kayseri,38,38.6582232,35.5546374,260.0,2021-05-14,8.0
Kırıkkale,71,39.8473604,33.5144853,114.0,2021-05-14,8.0
Kırklareli,39,41.7078046,27.6051334,298.0,2021-05-14,8.0
Kırşehir,40,39.1461142,34.1605587,95.0,2021-05-14,8.0
Kilis,79,36.7797231,37.1416892,324.0,2021-05-14,8.0
Kocaeli,41,40.8216536,29.9507184,262.0,2021-05-14,8.0
Konya,42,37.876824,32.4865749,334.0,2021-05-14,8.0
Kütahya,43,39.2522508,29.4937732,153.0,2021-05-14,8.0
Malatya,44,38.3483098,38.3178715,283.0,2021-05-14,8.0
Manisa,45,38.6155029,27.4255716,82.0,2021-05-14,8.0
Mardin,47,37.3414854,40.7476249,31.0,2021-05-14,8.0
Mersin,33,36.8117583,34.6292679,110.0,2021-05-14,8.0
Muğla,48,37.1642053,28.2624288,112.0,2021-05-14,8.0
Muş,49,38.9740786,41.9590433,33.0,2021-05-14,8.0
Nevşehir,50,38.7235072,34.7194168,124.0,2021-05-14,8.0
Niğde,51,38.0664691,34.7051438,140.0,2021-05-14,8.0
Ordu,52,40.8292569,37.4082764,322.0,2021-05-14,8.0
Osmaniye,80,37.073671,36.255941,244.0,2021-05-14,8.0
Rize,53,41.022809,40.519612,250.0,2021-05-14,8.0
Sakarya,54,40.7542228,30.3834858,181.0,2021-05-14,8.0
Samsun,55,41.2892334,36.328565,586.0,2021-05-14,8.0
Siirt,56,37.9273232,41.9422042,22.0,2021-05-14,8.0
Sinop,57,41.6394277,34.8681231,354.0,2021-05-14,8.0
Sivas,58,39.4191717,37.1012388,114.0,2021-05-14,8.0
Şanlıurfa,63,37.2595198,39.0408174,28.0,2021-05-14,8.0
Şırnak,73,37.519248,42.4605665,13.0,2021-05-14,8.0
Tekirdağ,59,41.1185843,27.4144196,273.0,2021-05-14,8.0
Tokat,60,40.40055865,36.686501166768394,273.0,2021-05-14,8.0
Trabzon,61,41.0062202,39.7257547,278.0,2021-05-14,8.0
Tunceli,62,39.1080631,39.548197,86.0,2021-05-14,8.0
Uşak,64,38.609666,29.3306506,38.0,2021-05-14,8.0
Van,65,38.5012,43.373,31.0,2021-05-14,8.0
Yalova,77,40.59270745,29.077136065391837,400.0,2021-05-14,8.0
Yozgat,66,39.8205571,34.8094917,169.0,2021-05-14,8.0
Zonguldak,67,41.250324,31.8389738,126.0,2021-05-14,8.0
Adana,1,37.1438001,35.4984094,61.0,2021-05-21,9.0
Adıyaman,2,37.78936,38.3141101,169.0,2021-05-21,9.0
Afyonkarahisar,3,38.6852729,30.6427411,47.0,2021-05-21,9.0
Ağrı,4,39.52916,43.3835645,41.0,2021-05-21,9.0
Aksaray,68,38.4326291,33.8976963,214.0,2021-05-21,9.0
Amasya,5,40.6503248,35.8329148,194.0,2021-05-21,9.0
Ankara,6,39.9207893,32.8540412,107.0,2021-05-21,9.0
Antalya,7,36.9009641,30.6954846,119.0,2021-05-21,9.0
Ardahan,75,41.0372501,42.7462189,86.0,2021-05-21,9.0
Artvin,8,41.160506,41.8398627,113.0,2021-05-21,9.0
Aydın,9,37.8483767,27.8435878,69.0,2021-05-21,9.0
Balıkesir,10,39.5400798,28.0228793,288.0,2021-05-21,9.0
Bartın,74,41.6338394,32.3384354,76.0,2021-05-21,9.0
Batman,72,37.7874104,41.2573924,28.0,2021-05-21,9.0
Bayburt,69,40.2023027,40.2121599,74.0,2021-05-21,9.0
Bilecik,11,40.1435101,29.9752911,114.0,2021-05-21,9.0
Bingöl,12,39.073803,40.7296181,47.0,2021-05-21,9.0
Bitlis,13,38.4950867,42.1678372,23.0,2021-05-21,9.0
Bolu,14,40.6212099,31.6460259,100.0,2021-05-21,9.0
Burdur,15,37.5183407,30.1691254,72.0,2021-05-21,9.0
Bursa,16,40.1827657,29.0677305,97.0,2021-05-21,9.0
Çanakkale,17,40.0549886,26.9278292,202.0,2021-05-21,9.0
Çankırı,18,40.6667691,33.4526069,122.0,2021-05-21,9.0
Çorum,19,40.5698389,34.7269292,138.0,2021-05-21,9.0
Denizli,20,37.7733197,29.0869273,49.0,2021-05-21,9.0
Diyarbakır,21,37.9167467,40.2227753,18.0,2021-05-21,9.0
Düzce,81,40.8774545,31.2009618,95.0,2021-05-21,9.0
Edirne,22,41.6759327,26.5587225,219.0,2021-05-21,9.0
Elâzığ,23,38.674771,39.2224523,80.0,2021-05-21,9.0
Erzincan,24,39.7496052,39.4941023,124.0,2021-05-21,9.0
Erzurum,25,39.9063215,41.2727638,72.0,2021-05-21,9.0
Eskişehir,26,39.6821156,31.0723476,116.0,2021-05-21,9.0
Gaziantep,27,37.0611756,37.3793085,87.0,2021-05-21,9.0
Giresun,28,40.9146927,38.3885568,356.0,2021-05-21,9.0
Gümüşhane,29,40.2061415,39.309437,105.0,2021-05-21,9.0
Hakkâri,30,37.574898,43.73766,15.0,2021-05-21,9.0
Hatay,31,36.2024887,36.1602761,61.0,2021-05-21,9.0
Iğdır,76,39.8945292,43.9427459,107.0,2021-05-21,9.0
Isparta,32,37.9465412,30.9602093,74.0,2021-05-21,9.0
İstanbul,34,41.0096334,28.9651646,251.0,2021-05-21,9.0
İzmir,35,38.4147331,27.1434119,111.0,2021-05-21,9.0
Kahramanmaraş,46,37.7830345,36.830655,67.0,2021-05-21,9.0
Karabük,78,41.1955402,32.6231154,84.0,2021-05-21,9.0
Karaman,70,37.1796848,33.3383665,89.0,2021-05-21,9.0
Kars,36,40.4558435,42.9979531,30.0,2021-05-21,9.0
Kastamonu,37,41.3680217,33.7619177,197.0,2021-05-21,9.0
Kayseri,38,38.6582232,35.5546374,196.0,2021-05-21,9.0
Kırıkkale,71,39.8473604,33.5144853,73.0,2021-05-21,9.0
Kırklareli,39,41.7078046,27.6051334,155.0,2021-05-21,9.0
Kırşehir,40,39.1461142,34.1605587,61.0,2021-05-21,9.0
Kilis,79,36.7797231,37.1416892,258.0,2021-05-21,9.0
Kocaeli,41,40.8216536,29.9507184,176.0,2021-05-21,9.0
Konya,42,37.876824,32.4865749,252.0,2021-05-21,9.0
Kütahya,43,39.2522508,29.4937732,111.0,2021-05-21,9.0
Malatya,44,38.3483098,38.3178715,140.0,2021-05-21,9.0
Manisa,45,38.6155029,27.4255716,64.0,2021-05-21,9.0
Mardin,47,37.3414854,40.7476249,17.0,2021-05-21,9.0
Mersin,33,36.8117583,34.6292679,80.0,2021-05-21,9.0
Muğla,48,37.1642053,28.2624288,92.0,2021-05-21,9.0
Muş,49,38.9740786,41.9590433,21.0,2021-05-21,9.0
Nevşehir,50,38.7235072,34.7194168,79.0,2021-05-21,9.0
Niğde,51,38.0664691,34.7051438,104.0,2021-05-21,9.0
Ordu,52,40.8292569,37.4082764,258.0,2021-05-21,9.0
Osmaniye,80,37.073671,36.255941,198.0,2021-05-21,9.0
Rize,53,41.022809,40.519612,202.0,2021-05-21,9.0
Sakarya,54,40.7542228,30.3834858,124.0,2021-05-21,9.0
Samsun,55,41.2892334,36.328565,508.0,2021-05-21,9.0
Siirt,56,37.9273232,41.9422042,14.0,2021-05-21,9.0
Sinop,57,41.6394277,34.8681231,309.0,2021-05-21,9.0
Sivas,58,39.4191717,37.1012388,55.0,2021-05-21,9.0
Şanlıurfa,63,37.2595198,39.0408174,18.0,2021-05-21,9.0
Şırnak,73,37.519248,42.4605665,8.0,2021-05-21,9.0
Tekirdağ,59,41.1185843,27.4144196,168.0,2021-05-21,9.0
Tokat,60,40.40055865,36.686501166768394,248.0,2021-05-21,9.0
Trabzon,61,41.0062202,39.7257547,246.0,2021-05-21,9.0
Tunceli,62,39.1080631,39.548197,63.0,2021-05-21,9.0
Uşak,64,38.609666,29.3306506,19.0,2021-05-21,9.0
Van,65,38.5012,43.373,27.0,2021-05-21,9.0
Yalova,77,40.59270745,29.077136065391837,275.0,2021-05-21,9.0
Yozgat,66,39.8205571,34.8094917,92.0,2021-05-21,9.0
Zonguldak,67,41.250324,31.8389738,81.0,2021-05-21,9.0
Adana,1,37.1438001,35.4984094,63.0,2021-05-28,10.0
Adıyaman,2,37.78936,38.3141101,154.0,2021-05-28,10.0
Afyonkarahisar,3,38.6852729,30.6427411,47.0,2021-05-28,10.0
Ağrı,4,39.52916,43.3835645,22.0,2021-05-28,10.0
Aksaray,68,38.4326291,33.8976963,173.0,2021-05-28,10.0
Amasya,5,40.6503248,35.8329148,163.0,2021-05-28,10.0
Ankara,6,39.9207893,32.8540412,68.0,2021-05-28,10.0
Antalya,7,36.9009641,30.6954846,95.0,2021-05-28,10.0
Ardahan,75,41.0372501,42.7462189,73.0,2021-05-28,10.0
Artvin,8,41.160506,41.8398627,100.0,2021-05-28,10.0
Aydın,9,37.8483767,27.8435878,58.0,2021-05-28,10.0
Balıkesir,10,39.5400798,28.0228793,257.0,2021-05-28,10.0
Bartın,74,41.6338394,32.3384354,62.0,2021-05-28,10.0
Batman,72,37.7874104,41.2573924,15.0,2021-05-28,10.0
Bayburt,69,40.2023027,40.2121599,51.0,2021-05-28,10.0
Bilecik,11,40.1435101,29.9752911,81.0,2021-05-28,10.0
Bingöl,12,39.073803,40.7296181,25.0,2021-05-28,10.0
Bitlis,13,38.4950867,42.1678372,15.0,2021-05-28,10.0
Bolu,14,40.6212099,31.6460259,65.0,2021-05-28,10.0
Burdur,15,37.5183407,30.1691254,86.0,2021-05-28,10.0
Bursa,16,40.1827657,29.0677305,78.0,2021-05-28,10.0
Çanakkale,17,40.0549886,26.9278292,149.0,2021-05-28,10.0
Çankırı,18,40.6667691,33.4526069,47.0,2021-05-28,10.0
Çorum,19,40.5698389,34.7269292,73.0,2021-05-28,10.0
Denizli,20,37.7733197,29.0869273,41.0,2021-05-28,10.0
Diyarbakır,21,37.9167467,40.2227753,17.0,2021-05-28,10.0
Düzce,81,40.8774545,31.2009618,81.0,2021-05-28,10.0
Edirne,22,41.6759327,26.5587225,200.0,2021-05-28,10.0
Elâzığ,23,38.674771,39.2224523,29.0,2021-05-28,10.0
Erzincan,24,39.7496052,39.4941023,53.0,2021-05-28,10.0
Erzurum,25,39.9063215,41.2727638,45.0,2021-05-28,10.0
Eskişehir,26,39.6821156,31.0723476,74.0,2021-05-28,10.0
Gaziantep,27,37.0611756,37.3793085,67.0,2021-05-28,10.0
Giresun,28,40.9146927,38.3885568,296.0,2021-05-28,10.0
Gümüşhane,29,40.2061415,39.309437,137.0,2021-05-28,10.0
Hakkâri,30,37.574898,43.73766,7.0,2021-05-28,10.0
Hatay,31,36.2024887,36.1602761,69.0,2021-05-28,10.0
Iğdır,76,39.8945292,43.9427459,80.0,2021-05-28,10.0
Isparta,32,37.9465412,30.9602093,61.0,2021-05-28,10.0
İstanbul,34,41.0096334,28.9651646,178.0,2021-05-28,10.0
İzmir,35,38.4147331,27.1434119,78.0,2021-05-28,10.0
Kahramanmaraş,46,37.7830345,36.830655,56.0,2021-05-28,10.0
Karabük,78,41.1955402,32.6231154,47.0,2021-05-28,10.0
Karaman,70,37.1796848,33.3383665,56.0,2021-05-28,10.0
Kars,36,40.4558435,42.9979531,24.0,2021-05-28,10.0
Kastamonu,37,41.3680217,33.7619177,118.0,2021-05-28,10.0
Kayseri,38,38.6582232,35.5546374,142.0,2021-05-28,10.0
Kırıkkale,71,39.8473604,33.5144853,88.0,2021-05-28,10.0
Kırklareli,39,41.7078046,27.6051334,137.0,2021-05-28,10.0
Kırşehir,40,39.1461142,34.1605587,47.0,2021-05-28,10.0
Kilis,79,36.7797231,37.1416892,255.0,2021-05-28,10.0
Kocaeli,41,40.8216536,29.9507184,138.0,2021-05-28,10.0
Konya,42,37.876824,32.4865749,203.0,2021-05-28,10.0
Kütahya,43,39.2522508,29.4937732,85.0,2021-05-28,10.0
Malatya,44,38.3483098,38.3178715,92.0,2021-05-28,10.0
Manisa,45,38.6155029,27.4255716,50.0,2021-05-28,10.0
Mardin,47,37.3414854,40.7476249,17.0,2021-05-28,10.0
Mersin,33,36.8117583,34.6292679,96.0,2021-05-28,10.0
Muğla,48,37.1642053,28.2624288,80.0,2021-05-28,10.0
Muş,49,38.9740786,41.9590433,27.0,2021-05-28,10.0
Nevşehir,50,38.7235072,34.7194168,64.0,2021-05-28,10.0
Niğde,51,38.0664691,34.7051438,89.0,2021-05-28,10.0
Ordu,52,40.8292569,37.4082764,248.0,2021-05-28,10.0
Osmaniye,80,37.073671,36.255941,198.0,2021-05-28,10.0
Rize,53,41.022809,40.519612,188.0,2021-05-28,10.0
Sakarya,54,40.7542228,30.3834858,90.0,2021-05-28,10.0
Samsun,55,41.2892334,36.328565,458.0,2021-05-28,10.0
Siirt,56,37.9273232,41.9422042,2.0,2021-05-28,10.0
Sinop,57,41.6394277,34.8681231,345.0,2021-05-28,10.0
Sivas,58,39.4191717,37.1012388,43.0,2021-05-28,10.0
Şanlıurfa,63,37.2595198,39.0408174,15.0,2021-05-28,10.0
Şırnak,73,37.519248,42.4605665,4.0,2021-05-28,10.0
Tekirdağ,59,41.1185843,27.4144196,121.0,2021-05-28,10.0
Tokat,60,40.40055865,36.686501166768394,243.0,2021-05-28,10.0
Trabzon,61,41.0062202,39.7257547,222.0,2021-05-28,10.0
Tunceli,62,39.1080631,39.548197,53.0,2021-05-28,10.0
Uşak,64,38.609666,29.3306506,19.0,2021-05-28,10.0
Van,65,38.5012,43.373,20.0,2021-05-28,10.0
Yalova,77,40.59270745,29.077136065391837,200.0,2021-05-28,10.0
Yozgat,66,39.8205571,34.8094917,46.0,2021-05-28,10.0
Zonguldak,67,41.250324,31.8389738,75.0,2021-05-28,10.0
